{"id":1741156615440,"appId":"com.tencent.mm","activityId":"com.tencent.mm.plugin.appbrand.ui.AppBrandUI00","screenHeight":2712,"screenWidth":1220,"isLandscape":false,"appInfo":{"id":"com.tencent.mm","name":"微信","versionCode":2800,"versionName":"8.0.56","isSystem":false,"mtime":1737326208481,"hidden":false},"gkdAppInfo":{"id":"li.songe.gkd","name":"GKD","versionCode":52,"versionName":"1.9.3","isSystem":false,"mtime":1737018952463,"hidden":false},"device":{"device":"corot","model":"23078RKD5C","manufacturer":"Xiaomi","brand":"Redmi","sdkInt":34,"release":"14"},"appName":"微信","appVersionCode":2800,"appVersionName":"8.0.56","nodes":[{"id":0,"pid":-1,"idQf":null,"textQf":null,"attr":{"id":null,"vid":null,"name":"android.widget.FrameLayout","text":null,"desc":null,"clickable":false,"focusable":false,"checkable":false,"checked":false,"editable":false,"longClickable":false,"visibleToUser":true,"left":0,"top":0,"right":1220,"bottom":2712,"width":1220,"height":2712,"childCount":2,"index":0,"depth":0}},{"id":1,"pid":0,"idQf":null,"textQf":null,"attr":{"id":null,"vid":null,"name":"android.widget.FrameLayout","text":null,"desc":null,"clickable":false,"focusable":false,"checkable":false,"checked":false,"editable":false,"longClickable":false,"visibleToUser":true,"left":0,"top":0,"right":1220,"bottom":2664,"width":1220,"height":2664,"childCount":1,"index":0,"depth":1}},{"id":2,"pid":1,"idQf":null,"textQf":null,"attr":{"id":null,"vid":null,"name":"android.widget.FrameLayout","text":null,"desc":null,"clickable":false,"focusable":false,"checkable":false,"checked":false,"editable":false,"longClickable":false,"visibleToUser":true,"left":0,"top":0,"right":1220,"bottom":2664,"width":1220,"height":2664,"childCount":1,"index":0,"depth":2}},{"id":3,"pid":2,"idQf":true,"textQf":null,"attr":{"id":"com.tencent.mm:id/el","vid":"el","name":"android.widget.FrameLayout","text":null,"desc":null,"clickable":false,"focusable":false,"checkable":false,"checked":false,"editable":false,"longClickable":false,"visibleToUser":true,"left":0,"top":0,"right":1220,"bottom":2664,"width":1220,"height":2664,"childCount":1,"index":0,"depth":3}},{"id":4,"pid":3,"idQf":true,"textQf":null,"attr":{"id":"android:id/content","vid":null,"name":"android.widget.FrameLayout","text":null,"desc":null,"clickable":false,"focusable":false,"checkable":false,"checked":false,"editable":false,"longClickable":false,"visibleToUser":true,"left":0,"top":0,"right":1220,"bottom":2664,"width":1220,"height":2664,"childCount":1,"index":0,"depth":4}},{"id":5,"pid":4,"idQf":true,"textQf":null,"attr":{"id":"com.tencent.mm:id/w_","vid":"w_","name":"android.widget.FrameLayout","text":null,"desc":null,"clickable":false,"focusable":false,"checkable":false,"checked":false,"editable":false,"longClickable":false,"visibleToUser":true,"left":0,"top":0,"right":1220,"bottom":2664,"width":1220,"height":2664,"childCount":2,"index":0,"depth":5}},{"id":6,"pid":5,"idQf":true,"textQf":null,"attr":{"id":"com.tencent.mm:id/a0o","vid":"a0o","name":"android.widget.FrameLayout","text":null,"desc":null,"clickable":false,"focusable":false,"checkable":false,"checked":false,"editable":false,"longClickable":false,"visibleToUser":true,"left":0,"top":0,"right":1220,"bottom":2664,"width":1220,"height":2664,"childCount":0,"index":0,"depth":6}},{"id":7,"pid":5,"idQf":null,"textQf":null,"attr":{"id":null,"vid":null,"name":"android.widget.FrameLayout","text":null,"desc":null,"clickable":false,"focusable":false,"checkable":false,"checked":false,"editable":false,"longClickable":false,"visibleToUser":true,"left":0,"top":0,"right":1220,"bottom":2664,"width":1220,"height":2664,"childCount":3,"index":1,"depth":6}},{"id":8,"pid":7,"idQf":null,"textQf":null,"attr":{"id":null,"vid":null,"name":"android.widget.FrameLayout","text":null,"desc":null,"clickable":false,"focusable":false,"checkable":false,"checked":false,"editable":false,"longClickable":false,"visibleToUser":true,"left":0,"top":0,"right":1220,"bottom":2664,"width":1220,"height":2664,"childCount":1,"index":0,"depth":7}},{"id":9,"pid":8,"idQf":null,"textQf":null,"attr":{"id":null,"vid":null,"name":"android.widget.FrameLayout","text":null,"desc":null,"clickable":false,"focusable":false,"checkable":false,"checked":false,"editable":false,"longClickable":false,"visibleToUser":true,"left":0,"top":0,"right":1220,"bottom":2664,"width":1220,"height":2664,"childCount":2,"index":0,"depth":8}},{"id":10,"pid":9,"idQf":null,"textQf":null,"attr":{"id":null,"vid":null,"name":"android.widget.FrameLayout","text":null,"desc":null,"clickable":false,"focusable":false,"checkable":false,"checked":false,"editable":false,"longClickable":false,"visibleToUser":true,"left":0,"top":0,"right":1220,"bottom":2664,"width":1220,"height":2664,"childCount":1,"index":0,"depth":9}},{"id":11,"pid":10,"idQf":null,"textQf":null,"attr":{"id":null,"vid":null,"name":"android.widget.FrameLayout","text":null,"desc":null,"clickable":false,"focusable":false,"checkable":false,"checked":false,"editable":false,"longClickable":false,"visibleToUser":true,"left":0,"top":0,"right":1220,"bottom":2664,"width":1220,"height":2664,"childCount":2,"index":0,"depth":10}},{"id":12,"pid":11,"idQf":null,"textQf":null,"attr":{"id":null,"vid":null,"name":"android.widget.TextView","text":null,"desc":null,"clickable":false,"focusable":false,"checkable":false,"checked":false,"editable":false,"longClickable":false,"visibleToUser":true,"left":0,"top":0,"right":1220,"bottom":2664,"width":1220,"height":2664,"childCount":0,"index":0,"depth":11}},{"id":13,"pid":11,"idQf":null,"textQf":null,"attr":{"id":null,"vid":null,"name":"android.widget.FrameLayout","text":null,"desc":null,"clickable":false,"focusable":false,"checkable":false,"checked":false,"editable":false,"longClickable":false,"visibleToUser":true,"left":0,"top":0,"right":1220,"bottom":2664,"width":1220,"height":2664,"childCount":2,"index":1,"depth":11}},{"id":14,"pid":13,"idQf":null,"textQf":null,"attr":{"id":null,"vid":null,"name":"android.widget.TextView","text":null,"desc":null,"clickable":false,"focusable":false,"checkable":false,"checked":false,"editable":false,"longClickable":false,"visibleToUser":true,"left":0,"top":0,"right":1220,"bottom":2664,"width":1220,"height":2664,"childCount":0,"index":0,"depth":12}},{"id":15,"pid":13,"idQf":null,"textQf":null,"attr":{"id":null,"vid":null,"name":"android.widget.FrameLayout","text":null,"desc":null,"clickable":false,"focusable":false,"checkable":false,"checked":false,"editable":false,"longClickable":false,"visibleToUser":true,"left":0,"top":0,"right":1220,"bottom":2664,"width":1220,"height":2664,"childCount":7,"index":1,"depth":12}},{"id":16,"pid":15,"idQf":null,"textQf":null,"attr":{"id":null,"vid":null,"name":"android.widget.FrameLayout","text":null,"desc":null,"clickable":false,"focusable":false,"checkable":false,"checked":false,"editable":false,"longClickable":false,"visibleToUser":false,"left":611,"top":0,"right":611,"bottom":0,"width":0,"height":0,"childCount":1,"index":0,"depth":13}},{"id":17,"pid":16,"idQf":null,"textQf":null,"attr":{"id":null,"vid":null,"name":"android.widget.TextView","text":null,"desc":null,"clickable":false,"focusable":false,"checkable":false,"checked":false,"editable":false,"longClickable":false,"visibleToUser":false,"left":611,"top":0,"right":611,"bottom":0,"width":0,"height":0,"childCount":0,"index":0,"depth":14}},{"id":18,"pid":15,"idQf":null,"textQf":null,"attr":{"id":null,"vid":null,"name":"android.widget.TextView","text":null,"desc":null,"clickable":false,"focusable":false,"checkable":false,"checked":false,"editable":false,"longClickable":false,"visibleToUser":true,"left":0,"top":0,"right":1220,"bottom":2664,"width":1220,"height":2664,"childCount":0,"index":1,"depth":13}},{"id":19,"pid":15,"idQf":null,"textQf":null,"attr":{"id":null,"vid":null,"name":"android.widget.FrameLayout","text":null,"desc":null,"clickable":false,"focusable":false,"checkable":false,"checked":false,"editable":false,"longClickable":false,"visibleToUser":true,"left":0,"top":0,"right":1220,"bottom":2403,"width":1220,"height":2403,"childCount":6,"index":2,"depth":13}},{"id":20,"pid":19,"idQf":null,"textQf":null,"attr":{"id":null,"vid":null,"name":"android.widget.FrameLayout","text":null,"desc":null,"clickable":false,"focusable":false,"checkable":false,"checked":false,"editable":false,"longClickable":false,"visibleToUser":true,"left":0,"top":0,"right":1220,"bottom":2403,"width":1220,"height":2403,"childCount":2,"index":0,"depth":14}},{"id":21,"pid":20,"idQf":null,"textQf":null,"attr":{"id":null,"vid":null,"name":"android.widget.FrameLayout","text":null,"desc":null,"clickable":false,"focusable":false,"checkable":false,"checked":false,"editable":false,"longClickable":false,"visibleToUser":true,"left":0,"top":0,"right":1220,"bottom":2403,"width":1220,"height":2403,"childCount":2,"index":0,"depth":15}},{"id":22,"pid":21,"idQf":null,"textQf":null,"attr":{"id":null,"vid":null,"name":"android.widget.FrameLayout","text":null,"desc":null,"clickable":false,"focusable":false,"checkable":false,"checked":false,"editable":false,"longClickable":false,"visibleToUser":true,"left":0,"top":0,"right":1220,"bottom":2403,"width":1220,"height":2403,"childCount":1,"index":0,"depth":16}},{"id":23,"pid":22,"idQf":null,"textQf":null,"attr":{"id":null,"vid":null,"name":"android.widget.TextView","text":null,"desc":null,"clickable":false,"focusable":false,"checkable":false,"checked":false,"editable":false,"longClickable":false,"visibleToUser":true,"left":0,"top":0,"right":1220,"bottom":2403,"width":1220,"height":2403,"childCount":0,"index":0,"depth":17}},{"id":24,"pid":21,"idQf":null,"textQf":null,"attr":{"id":"","vid":null,"name":"android.widget.RelativeLayout","text":"","desc":"","clickable":false,"focusable":false,"checkable":false,"checked":false,"editable":false,"longClickable":false,"visibleToUser":true,"left":0,"top":0,"right":1220,"bottom":2403,"width":1220,"height":2403,"childCount":1,"index":1,"depth":16}},{"id":25,"pid":24,"idQf":null,"textQf":null,"attr":{"id":null,"vid":null,"name":"android.widget.RelativeLayout","text":null,"desc":null,"clickable":false,"focusable":false,"checkable":false,"checked":false,"editable":false,"longClickable":false,"visibleToUser":true,"left":0,"top":0,"right":1220,"bottom":2403,"width":1220,"height":2403,"childCount":3,"index":0,"depth":17}},{"id":26,"pid":25,"idQf":true,"textQf":null,"attr":{"id":"com.tencent.mm:id/cqa","vid":"cqa","name":"android.view.View","text":null,"desc":null,"clickable":false,"focusable":false,"checkable":false,"checked":false,"editable":false,"longClickable":false,"visibleToUser":true,"left":0,"top":0,"right":1220,"bottom":2403,"width":1220,"height":2403,"childCount":0,"index":0,"depth":18}},{"id":27,"pid":25,"idQf":true,"textQf":null,"attr":{"id":"com.tencent.mm:id/ckn","vid":"ckn","name":"android.widget.RelativeLayout","text":null,"desc":null,"clickable":false,"focusable":false,"checkable":false,"checked":false,"editable":false,"longClickable":false,"visibleToUser":true,"left":0,"top":0,"right":1220,"bottom":2403,"width":1220,"height":2403,"childCount":1,"index":1,"depth":18}},{"id":28,"pid":27,"idQf":true,"textQf":null,"attr":{"id":"com.tencent.mm:id/cki","vid":"cki","name":"android.widget.ImageView","text":null,"desc":null,"clickable":false,"focusable":false,"checkable":false,"checked":false,"editable":false,"longClickable":false,"visibleToUser":true,"left":0,"top":0,"right":1220,"bottom":2403,"width":1220,"height":2403,"childCount":0,"index":0,"depth":19}},{"id":29,"pid":25,"idQf":true,"textQf":null,"attr":{"id":"com.tencent.mm:id/p0x","vid":"p0x","name":"android.widget.RelativeLayout","text":null,"desc":null,"clickable":false,"focusable":false,"checkable":false,"checked":false,"editable":false,"longClickable":false,"visibleToUser":true,"left":0,"top":0,"right":1220,"bottom":2403,"width":1220,"height":2403,"childCount":1,"index":2,"depth":18}},{"id":30,"pid":29,"idQf":null,"textQf":null,"attr":{"id":null,"vid":null,"name":"android.widget.RelativeLayout","text":null,"desc":null,"clickable":false,"focusable":false,"checkable":false,"checked":false,"editable":false,"longClickable":false,"visibleToUser":true,"left":0,"top":0,"right":1220,"bottom":2403,"width":1220,"height":2403,"childCount":1,"index":0,"depth":19}},{"id":31,"pid":30,"idQf":null,"textQf":null,"attr":{"id":null,"vid":null,"name":"android.widget.RelativeLayout","text":null,"desc":null,"clickable":false,"focusable":false,"checkable":false,"checked":false,"editable":false,"longClickable":false,"visibleToUser":true,"left":0,"top":0,"right":1220,"bottom":2403,"width":1220,"height":2403,"childCount":1,"index":0,"depth":20}},{"id":32,"pid":31,"idQf":null,"textQf":null,"attr":{"id":null,"vid":null,"name":"android.widget.RelativeLayout","text":null,"desc":null,"clickable":false,"focusable":false,"checkable":false,"checked":false,"editable":false,"longClickable":false,"visibleToUser":true,"left":0,"top":0,"right":1220,"bottom":2403,"width":1220,"height":2403,"childCount":3,"index":0,"depth":21}},{"id":33,"pid":32,"idQf":true,"textQf":null,"attr":{"id":"com.tencent.mm:id/p0l","vid":"p0l","name":"android.widget.ImageView","text":null,"desc":null,"clickable":false,"focusable":false,"checkable":false,"checked":false,"editable":false,"longClickable":false,"visibleToUser":true,"left":0,"top":0,"right":1220,"bottom":2403,"width":1220,"height":2403,"childCount":0,"index":0,"depth":22}},{"id":34,"pid":32,"idQf":true,"textQf":null,"attr":{"id":"com.tencent.mm:id/p06","vid":"p06","name":"android.widget.RelativeLayout","text":null,"desc":null,"clickable":false,"focusable":false,"checkable":false,"checked":false,"editable":false,"longClickable":false,"visibleToUser":true,"left":0,"top":0,"right":1220,"bottom":2403,"width":1220,"height":2403,"childCount":1,"index":1,"depth":22}},{"id":35,"pid":34,"idQf":null,"textQf":null,"attr":{"id":null,"vid":null,"name":"android.view.View","text":null,"desc":null,"clickable":false,"focusable":true,"checkable":false,"checked":false,"editable":false,"longClickable":false,"visibleToUser":true,"left":0,"top":0,"right":1220,"bottom":2403,"width":1220,"height":2403,"childCount":0,"index":0,"depth":23}},{"id":36,"pid":32,"idQf":true,"textQf":null,"attr":{"id":"com.tencent.mm:id/oz2","vid":"oz2","name":"android.widget.LinearLayout","text":null,"desc":null,"clickable":false,"focusable":false,"checkable":false,"checked":false,"editable":false,"longClickable":false,"visibleToUser":false,"left":0,"top":2424,"right":1220,"bottom":2403,"width":1220,"height":-21,"childCount":0,"index":2,"depth":22}},{"id":37,"pid":20,"idQf":null,"textQf":null,"attr":{"id":null,"vid":null,"name":"android.widget.TextView","text":null,"desc":null,"clickable":false,"focusable":false,"checkable":false,"checked":false,"editable":false,"longClickable":false,"visibleToUser":true,"left":0,"top":0,"right":1220,"bottom":2403,"width":1220,"height":2403,"childCount":0,"index":1,"depth":15}},{"id":38,"pid":19,"idQf":null,"textQf":null,"attr":{"id":null,"vid":null,"name":"android.widget.TextView","text":null,"desc":null,"clickable":false,"focusable":false,"checkable":false,"checked":false,"editable":false,"longClickable":false,"visibleToUser":true,"left":0,"top":0,"right":1220,"bottom":2403,"width":1220,"height":2403,"childCount":0,"index":1,"depth":14}},{"id":39,"pid":19,"idQf":null,"textQf":null,"attr":{"id":null,"vid":null,"name":"android.widget.FrameLayout","text":null,"desc":null,"clickable":false,"focusable":false,"checkable":false,"checked":false,"editable":false,"longClickable":false,"visibleToUser":true,"left":0,"top":0,"right":1220,"bottom":1332,"width":1220,"height":1332,"childCount":2,"index":2,"depth":14}},{"id":40,"pid":39,"idQf":null,"textQf":null,"attr":{"id":null,"vid":null,"name":"android.widget.TextView","text":null,"desc":null,"clickable":false,"focusable":false,"checkable":false,"checked":false,"editable":false,"longClickable":false,"visibleToUser":true,"left":0,"top":0,"right":1220,"bottom":1332,"width":1220,"height":1332,"childCount":0,"index":0,"depth":15}},{"id":41,"pid":39,"idQf":null,"textQf":null,"attr":{"id":null,"vid":null,"name":"android.widget.FrameLayout","text":null,"desc":null,"clickable":false,"focusable":false,"checkable":false,"checked":false,"editable":false,"longClickable":false,"visibleToUser":true,"left":0,"top":0,"right":1220,"bottom":1332,"width":1220,"height":1332,"childCount":1,"index":1,"depth":15}},{"id":42,"pid":41,"idQf":null,"textQf":null,"attr":{"id":null,"vid":null,"name":"android.widget.FrameLayout","text":null,"desc":null,"clickable":false,"focusable":false,"checkable":false,"checked":false,"editable":false,"longClickable":false,"visibleToUser":true,"left":0,"top":0,"right":1220,"bottom":1332,"width":1220,"height":1332,"childCount":1,"index":0,"depth":16}},{"id":43,"pid":42,"idQf":null,"textQf":null,"attr":{"id":null,"vid":null,"name":"android.widget.ImageView","text":null,"desc":null,"clickable":false,"focusable":false,"checkable":false,"checked":false,"editable":false,"longClickable":false,"visibleToUser":true,"left":0,"top":0,"right":1220,"bottom":1332,"width":1220,"height":1332,"childCount":0,"index":0,"depth":17}},{"id":44,"pid":19,"idQf":null,"textQf":null,"attr":{"id":null,"vid":null,"name":"android.widget.FrameLayout","text":null,"desc":null,"clickable":false,"focusable":false,"checkable":false,"checked":false,"editable":false,"longClickable":false,"visibleToUser":true,"left":0,"top":1072,"right":1220,"bottom":2403,"width":1220,"height":1331,"childCount":2,"index":3,"depth":14}},{"id":45,"pid":44,"idQf":null,"textQf":null,"attr":{"id":null,"vid":null,"name":"android.widget.TextView","text":null,"desc":null,"clickable":false,"focusable":false,"checkable":false,"checked":false,"editable":false,"longClickable":false,"visibleToUser":true,"left":0,"top":1072,"right":1220,"bottom":2403,"width":1220,"height":1331,"childCount":0,"index":0,"depth":15}},{"id":46,"pid":44,"idQf":null,"textQf":null,"attr":{"id":null,"vid":null,"name":"android.widget.FrameLayout","text":null,"desc":null,"clickable":false,"focusable":false,"checkable":false,"checked":false,"editable":false,"longClickable":false,"visibleToUser":true,"left":0,"top":1072,"right":1220,"bottom":2403,"width":1220,"height":1331,"childCount":1,"index":1,"depth":15}},{"id":47,"pid":46,"idQf":null,"textQf":null,"attr":{"id":null,"vid":null,"name":"android.widget.FrameLayout","text":null,"desc":null,"clickable":false,"focusable":false,"checkable":false,"checked":false,"editable":false,"longClickable":false,"visibleToUser":true,"left":0,"top":1072,"right":1220,"bottom":2403,"width":1220,"height":1331,"childCount":1,"index":0,"depth":16}},{"id":48,"pid":47,"idQf":null,"textQf":null,"attr":{"id":null,"vid":null,"name":"android.widget.ImageView","text":null,"desc":null,"clickable":false,"focusable":false,"checkable":false,"checked":false,"editable":false,"longClickable":false,"visibleToUser":true,"left":0,"top":1072,"right":1220,"bottom":2403,"width":1220,"height":1331,"childCount":0,"index":0,"depth":17}},{"id":49,"pid":19,"idQf":null,"textQf":null,"attr":{"id":null,"vid":null,"name":"android.widget.FrameLayout","text":null,"desc":null,"clickable":false,"focusable":false,"checkable":false,"checked":false,"editable":false,"longClickable":false,"visibleToUser":true,"left":0,"top":1128,"right":1220,"bottom":2403,"width":1220,"height":1275,"childCount":2,"index":4,"depth":14}},{"id":50,"pid":49,"idQf":null,"textQf":null,"attr":{"id":null,"vid":null,"name":"android.widget.TextView","text":null,"desc":null,"clickable":false,"focusable":false,"checkable":false,"checked":false,"editable":false,"longClickable":false,"visibleToUser":true,"left":0,"top":1128,"right":1220,"bottom":2403,"width":1220,"height":1275,"childCount":0,"index":0,"depth":15}},{"id":51,"pid":49,"idQf":null,"textQf":null,"attr":{"id":null,"vid":null,"name":"android.widget.FrameLayout","text":null,"desc":null,"clickable":false,"focusable":false,"checkable":false,"checked":false,"editable":false,"longClickable":false,"visibleToUser":true,"left":0,"top":1128,"right":1220,"bottom":2403,"width":1220,"height":1275,"childCount":1,"index":1,"depth":15}},{"id":52,"pid":51,"idQf":null,"textQf":null,"attr":{"id":null,"vid":null,"name":"android.widget.FrameLayout","text":null,"desc":null,"clickable":false,"focusable":false,"checkable":false,"checked":false,"editable":false,"longClickable":false,"visibleToUser":true,"left":0,"top":1128,"right":1220,"bottom":2403,"width":1220,"height":1275,"childCount":1,"index":0,"depth":16}},{"id":53,"pid":52,"idQf":null,"textQf":null,"attr":{"id":null,"vid":null,"name":"android.widget.ImageView","text":null,"desc":null,"clickable":false,"focusable":false,"checkable":false,"checked":false,"editable":false,"longClickable":false,"visibleToUser":true,"left":0,"top":1128,"right":1220,"bottom":2403,"width":1220,"height":1275,"childCount":0,"index":0,"depth":17}},{"id":54,"pid":19,"idQf":null,"textQf":null,"attr":{"id":null,"vid":null,"name":"android.widget.FrameLayout","text":null,"desc":null,"clickable":false,"focusable":false,"checkable":false,"checked":false,"editable":false,"longClickable":false,"visibleToUser":true,"left":0,"top":2026,"right":1220,"bottom":2312,"width":1220,"height":286,"childCount":2,"index":5,"depth":14}},{"id":55,"pid":54,"idQf":null,"textQf":null,"attr":{"id":null,"vid":null,"name":"android.widget.TextView","text":null,"desc":null,"clickable":false,"focusable":false,"checkable":false,"checked":false,"editable":false,"longClickable":false,"visibleToUser":true,"left":0,"top":2026,"right":1220,"bottom":2312,"width":1220,"height":286,"childCount":0,"index":0,"depth":15}},{"id":56,"pid":54,"idQf":null,"textQf":null,"attr":{"id":null,"vid":null,"name":"android.widget.FrameLayout","text":null,"desc":null,"clickable":false,"focusable":false,"checkable":false,"checked":false,"editable":false,"longClickable":false,"visibleToUser":true,"left":0,"top":2078,"right":1220,"bottom":2260,"width":1220,"height":182,"childCount":2,"index":1,"depth":15}},{"id":57,"pid":56,"idQf":null,"textQf":null,"attr":{"id":null,"vid":null,"name":"android.widget.TextView","text":null,"desc":null,"clickable":false,"focusable":false,"checkable":false,"checked":false,"editable":false,"longClickable":false,"visibleToUser":true,"left":0,"top":2078,"right":1220,"bottom":2260,"width":1220,"height":182,"childCount":0,"index":0,"depth":16}},{"id":58,"pid":56,"idQf":null,"textQf":null,"attr":{"id":null,"vid":null,"name":"android.widget.FrameLayout","text":null,"desc":null,"clickable":false,"focusable":false,"checkable":false,"checked":false,"editable":false,"longClickable":false,"visibleToUser":true,"left":96,"top":2078,"right":1125,"bottom":2260,"width":1029,"height":182,"childCount":2,"index":1,"depth":16}},{"id":59,"pid":58,"idQf":null,"textQf":null,"attr":{"id":null,"vid":null,"name":"android.widget.TextView","text":null,"desc":null,"clickable":false,"focusable":false,"checkable":false,"checked":false,"editable":false,"longClickable":false,"visibleToUser":true,"left":96,"top":2078,"right":1125,"bottom":2260,"width":1029,"height":182,"childCount":0,"index":0,"depth":17}},{"id":60,"pid":58,"idQf":null,"textQf":null,"attr":{"id":null,"vid":null,"name":"android.widget.FrameLayout","text":null,"desc":null,"clickable":false,"focusable":false,"checkable":false,"checked":false,"editable":false,"longClickable":false,"visibleToUser":true,"left":96,"top":2078,"right":1125,"bottom":2260,"width":1029,"height":182,"childCount":1,"index":1,"depth":17}},{"id":61,"pid":60,"idQf":null,"textQf":true,"attr":{"id":null,"vid":null,"name":"android.widget.TextView","text":"了解更多","desc":null,"clickable":false,"focusable":false,"checkable":false,"checked":false,"editable":false,"longClickable":false,"visibleToUser":true,"left":96,"top":2078,"right":1125,"bottom":2260,"width":1029,"height":182,"childCount":0,"index":0,"depth":18}},{"id":62,"pid":15,"idQf":null,"textQf":null,"attr":{"id":null,"vid":null,"name":"android.widget.FrameLayout","text":null,"desc":null,"clickable":false,"focusable":false,"checkable":false,"checked":false,"editable":false,"longClickable":false,"visibleToUser":true,"left":0,"top":2404,"right":1220,"bottom":2664,"width":1220,"height":260,"childCount":3,"index":3,"depth":13}},{"id":63,"pid":62,"idQf":null,"textQf":null,"attr":{"id":null,"vid":null,"name":"android.widget.TextView","text":null,"desc":null,"clickable":false,"focusable":false,"checkable":false,"checked":false,"editable":false,"longClickable":false,"visibleToUser":true,"left":0,"top":2404,"right":1220,"bottom":2664,"width":1220,"height":260,"childCount":0,"index":0,"depth":14}},{"id":64,"pid":62,"idQf":null,"textQf":null,"attr":{"id":null,"vid":null,"name":"android.widget.FrameLayout","text":null,"desc":null,"clickable":false,"focusable":false,"checkable":false,"checked":false,"editable":false,"longClickable":false,"visibleToUser":true,"left":500,"top":2474,"right":866,"bottom":2594,"width":366,"height":120,"childCount":2,"index":1,"depth":14}},{"id":65,"pid":64,"idQf":null,"textQf":null,"attr":{"id":null,"vid":null,"name":"android.widget.TextView","text":null,"desc":null,"clickable":false,"focusable":false,"checkable":false,"checked":false,"editable":false,"longClickable":false,"visibleToUser":true,"left":500,"top":2474,"right":866,"bottom":2594,"width":366,"height":120,"childCount":0,"index":0,"depth":15}},{"id":66,"pid":64,"idQf":null,"textQf":null,"attr":{"id":null,"vid":null,"name":"android.widget.FrameLayout","text":null,"desc":null,"clickable":false,"focusable":false,"checkable":false,"checked":false,"editable":false,"longClickable":false,"visibleToUser":true,"left":500,"top":2474,"right":866,"bottom":2594,"width":366,"height":120,"childCount":1,"index":1,"depth":15}},{"id":67,"pid":66,"idQf":null,"textQf":true,"attr":{"id":null,"vid":null,"name":"android.widget.TextView","text":"蓝色隐士主题站","desc":null,"clickable":false,"focusable":false,"checkable":false,"checked":false,"editable":false,"longClickable":false,"visibleToUser":true,"left":500,"top":2474,"right":866,"bottom":2594,"width":366,"height":120,"childCount":0,"index":0,"depth":16}},{"id":68,"pid":62,"idQf":null,"textQf":null,"attr":{"id":null,"vid":null,"name":"android.widget.FrameLayout","text":null,"desc":null,"clickable":false,"focusable":false,"checkable":false,"checked":false,"editable":false,"longClickable":false,"visibleToUser":true,"left":356,"top":2474,"right":476,"bottom":2594,"width":120,"height":120,"childCount":2,"index":2,"depth":14}},{"id":69,"pid":68,"idQf":null,"textQf":null,"attr":{"id":null,"vid":null,"name":"android.widget.TextView","text":null,"desc":null,"clickable":false,"focusable":false,"checkable":false,"checked":false,"editable":false,"longClickable":false,"visibleToUser":true,"left":356,"top":2474,"right":476,"bottom":2594,"width":120,"height":120,"childCount":0,"index":0,"depth":15}},{"id":70,"pid":68,"idQf":null,"textQf":null,"attr":{"id":null,"vid":null,"name":"android.widget.FrameLayout","text":null,"desc":null,"clickable":false,"focusable":false,"checkable":false,"checked":false,"editable":false,"longClickable":false,"visibleToUser":true,"left":356,"top":2474,"right":476,"bottom":2594,"width":120,"height":120,"childCount":1,"index":1,"depth":15}},{"id":71,"pid":70,"idQf":null,"textQf":null,"attr":{"id":null,"vid":null,"name":"android.widget.FrameLayout","text":null,"desc":null,"clickable":false,"focusable":false,"checkable":false,"checked":false,"editable":false,"longClickable":false,"visibleToUser":true,"left":356,"top":2474,"right":476,"bottom":2594,"width":120,"height":120,"childCount":1,"index":0,"depth":16}},{"id":72,"pid":71,"idQf":null,"textQf":null,"attr":{"id":null,"vid":null,"name":"android.widget.ImageView","text":null,"desc":null,"clickable":false,"focusable":false,"checkable":false,"checked":false,"editable":false,"longClickable":false,"visibleToUser":true,"left":356,"top":2474,"right":476,"bottom":2594,"width":120,"height":120,"childCount":0,"index":0,"depth":17}},{"id":73,"pid":15,"idQf":null,"textQf":null,"attr":{"id":null,"vid":null,"name":"android.widget.FrameLayout","text":null,"desc":null,"clickable":false,"focusable":false,"checkable":false,"checked":false,"editable":false,"longClickable":false,"visibleToUser":true,"left":21,"top":114,"right":396,"bottom":234,"width":375,"height":120,"childCount":2,"index":4,"depth":13}},{"id":74,"pid":73,"idQf":null,"textQf":null,"attr":{"id":null,"vid":null,"name":"android.widget.TextView","text":null,"desc":null,"clickable":false,"focusable":false,"checkable":false,"checked":false,"editable":false,"longClickable":false,"visibleToUser":true,"left":21,"top":114,"right":396,"bottom":234,"width":375,"height":120,"childCount":0,"index":0,"depth":14}},{"id":75,"pid":73,"idQf":null,"textQf":null,"attr":{"id":null,"vid":null,"name":"android.widget.FrameLayout","text":null,"desc":null,"clickable":false,"focusable":false,"checkable":false,"checked":false,"editable":false,"longClickable":false,"visibleToUser":true,"left":21,"top":114,"right":396,"bottom":234,"width":375,"height":120,"childCount":1,"index":1,"depth":14}},{"id":76,"pid":75,"idQf":null,"textQf":null,"attr":{"id":null,"vid":null,"name":"android.widget.FrameLayout","text":null,"desc":null,"clickable":false,"focusable":false,"checkable":false,"checked":false,"editable":false,"longClickable":false,"visibleToUser":true,"left":21,"top":114,"right":396,"bottom":234,"width":375,"height":120,"childCount":1,"index":0,"depth":15}},{"id":77,"pid":76,"idQf":null,"textQf":null,"attr":{"id":null,"vid":null,"name":"android.widget.ImageView","text":null,"desc":null,"clickable":false,"focusable":false,"checkable":false,"checked":false,"editable":false,"longClickable":false,"visibleToUser":true,"left":21,"top":114,"right":396,"bottom":234,"width":375,"height":120,"childCount":0,"index":0,"depth":16}},{"id":78,"pid":15,"idQf":null,"textQf":null,"attr":{"id":null,"vid":null,"name":"android.widget.FrameLayout","text":null,"desc":null,"clickable":false,"focusable":false,"checkable":false,"checked":false,"editable":false,"longClickable":false,"visibleToUser":true,"left":36,"top":129,"right":379,"bottom":225,"width":343,"height":96,"childCount":3,"index":5,"depth":13}},{"id":79,"pid":78,"idQf":null,"textQf":null,"attr":{"id":null,"vid":null,"name":"android.widget.TextView","text":null,"desc":null,"clickable":false,"focusable":false,"checkable":false,"checked":false,"editable":false,"longClickable":false,"visibleToUser":true,"left":36,"top":129,"right":379,"bottom":225,"width":343,"height":96,"childCount":0,"index":0,"depth":14}},{"id":80,"pid":78,"idQf":null,"textQf":null,"attr":{"id":null,"vid":null,"name":"android.widget.FrameLayout","text":null,"desc":null,"clickable":false,"focusable":false,"checkable":false,"checked":false,"editable":false,"longClickable":false,"visibleToUser":true,"left":36,"top":129,"right":379,"bottom":225,"width":343,"height":96,"childCount":3,"index":1,"depth":14}},{"id":81,"pid":80,"idQf":null,"textQf":null,"attr":{"id":null,"vid":null,"name":"android.widget.TextView","text":null,"desc":null,"clickable":false,"focusable":false,"checkable":false,"checked":false,"editable":false,"longClickable":false,"visibleToUser":true,"left":36,"top":129,"right":379,"bottom":225,"width":343,"height":96,"childCount":0,"index":0,"depth":15}},{"id":82,"pid":80,"idQf":null,"textQf":null,"attr":{"id":null,"vid":null,"name":"android.widget.FrameLayout","text":null,"desc":null,"clickable":false,"focusable":false,"checkable":false,"checked":false,"editable":false,"longClickable":false,"visibleToUser":true,"left":251,"top":147,"right":344,"bottom":207,"width":93,"height":60,"childCount":2,"index":1,"depth":15}},{"id":83,"pid":82,"idQf":null,"textQf":null,"attr":{"id":null,"vid":null,"name":"android.widget.TextView","text":null,"desc":null,"clickable":false,"focusable":false,"checkable":false,"checked":false,"editable":false,"longClickable":false,"visibleToUser":true,"left":251,"top":147,"right":344,"bottom":207,"width":93,"height":60,"childCount":0,"index":0,"depth":16}},{"id":84,"pid":82,"idQf":null,"textQf":null,"attr":{"id":null,"vid":null,"name":"android.widget.FrameLayout","text":null,"desc":null,"clickable":false,"focusable":false,"checkable":false,"checked":false,"editable":false,"longClickable":false,"visibleToUser":true,"left":251,"top":147,"right":344,"bottom":207,"width":93,"height":60,"childCount":1,"index":1,"depth":16}},{"id":85,"pid":84,"idQf":null,"textQf":true,"attr":{"id":null,"vid":null,"name":"android.widget.TextView","text":"跳过","desc":null,"clickable":false,"focusable":false,"checkable":false,"checked":false,"editable":false,"longClickable":false,"visibleToUser":true,"left":251,"top":147,"right":344,"bottom":207,"width":93,"height":60,"childCount":0,"index":0,"depth":17}},{"id":86,"pid":80,"idQf":null,"textQf":null,"attr":{"id":null,"vid":null,"name":"android.widget.FrameLayout","text":null,"desc":null,"clickable":false,"focusable":false,"checkable":false,"checked":false,"editable":false,"longClickable":false,"visibleToUser":true,"left":222,"top":149,"right":223,"bottom":204,"width":1,"height":55,"childCount":1,"index":2,"depth":15}},{"id":87,"pid":86,"idQf":null,"textQf":null,"attr":{"id":null,"vid":null,"name":"android.widget.TextView","text":null,"desc":null,"clickable":false,"focusable":false,"checkable":false,"checked":false,"editable":false,"longClickable":false,"visibleToUser":true,"left":222,"top":149,"right":223,"bottom":204,"width":1,"height":55,"childCount":0,"index":0,"depth":16}},{"id":88,"pid":78,"idQf":null,"textQf":null,"attr":{"id":null,"vid":null,"name":"android.widget.FrameLayout","text":null,"desc":null,"clickable":false,"focusable":false,"checkable":false,"checked":false,"editable":false,"longClickable":false,"visibleToUser":true,"left":72,"top":129,"right":196,"bottom":225,"width":124,"height":96,"childCount":2,"index":2,"depth":14}},{"id":89,"pid":88,"idQf":null,"textQf":null,"attr":{"id":null,"vid":null,"name":"android.widget.TextView","text":null,"desc":null,"clickable":false,"focusable":false,"checkable":false,"checked":false,"editable":false,"longClickable":false,"visibleToUser":true,"left":72,"top":129,"right":196,"bottom":225,"width":124,"height":96,"childCount":0,"index":0,"depth":15}},{"id":90,"pid":88,"idQf":null,"textQf":null,"attr":{"id":null,"vid":null,"name":"android.widget.FrameLayout","text":null,"desc":null,"clickable":false,"focusable":false,"checkable":false,"checked":false,"editable":false,"longClickable":false,"visibleToUser":true,"left":72,"top":129,"right":196,"bottom":225,"width":124,"height":96,"childCount":3,"index":1,"depth":15}},{"id":91,"pid":90,"idQf":null,"textQf":null,"attr":{"id":null,"vid":null,"name":"android.widget.TextView","text":null,"desc":null,"clickable":false,"focusable":false,"checkable":false,"checked":false,"editable":false,"longClickable":false,"visibleToUser":true,"left":72,"top":129,"right":196,"bottom":225,"width":124,"height":96,"childCount":0,"index":0,"depth":16}},{"id":92,"pid":90,"idQf":null,"textQf":null,"attr":{"id":null,"vid":null,"name":"android.widget.FrameLayout","text":null,"desc":null,"clickable":false,"focusable":false,"checkable":false,"checked":false,"editable":false,"longClickable":false,"visibleToUser":true,"left":72,"top":147,"right":156,"bottom":207,"width":84,"height":60,"childCount":1,"index":1,"depth":16}},{"id":93,"pid":92,"idQf":null,"textQf":true,"attr":{"id":null,"vid":null,"name":"android.widget.TextView","text":"广告","desc":null,"clickable":false,"focusable":false,"checkable":false,"checked":false,"editable":false,"longClickable":false,"visibleToUser":true,"left":72,"top":147,"right":156,"bottom":207,"width":84,"height":60,"childCount":0,"index":0,"depth":17}},{"id":94,"pid":90,"idQf":null,"textQf":null,"attr":{"id":null,"vid":null,"name":"android.widget.FrameLayout","text":null,"desc":null,"clickable":false,"focusable":false,"checkable":false,"checked":false,"editable":false,"longClickable":false,"visibleToUser":true,"left":170,"top":174,"right":196,"bottom":192,"width":26,"height":18,"childCount":1,"index":2,"depth":16}},{"id":95,"pid":94,"idQf":null,"textQf":null,"attr":{"id":null,"vid":null,"name":"android.widget.FrameLayout","text":null,"desc":null,"clickable":false,"focusable":false,"checkable":false,"checked":false,"editable":false,"longClickable":false,"visibleToUser":true,"left":170,"top":174,"right":196,"bottom":192,"width":26,"height":18,"childCount":1,"index":0,"depth":17}},{"id":96,"pid":95,"idQf":null,"textQf":null,"attr":{"id":null,"vid":null,"name":"android.widget.ImageView","text":null,"desc":null,"clickable":false,"focusable":false,"checkable":false,"checked":false,"editable":false,"longClickable":false,"visibleToUser":true,"left":170,"top":174,"right":196,"bottom":192,"width":26,"height":18,"childCount":0,"index":0,"depth":18}},{"id":97,"pid":15,"idQf":null,"textQf":null,"attr":{"id":null,"vid":null,"name":"android.widget.FrameLayout","text":null,"desc":null,"clickable":false,"focusable":false,"checkable":false,"checked":false,"editable":false,"longClickable":false,"visibleToUser":true,"left":360,"top":129,"right":516,"bottom":225,"width":156,"height":96,"childCount":2,"index":6,"depth":13}},{"id":98,"pid":97,"idQf":null,"textQf":null,"attr":{"id":null,"vid":null,"name":"android.widget.TextView","text":null,"desc":null,"clickable":false,"focusable":false,"checkable":false,"checked":false,"editable":false,"longClickable":false,"visibleToUser":true,"left":360,"top":129,"right":516,"bottom":225,"width":156,"height":96,"childCount":0,"index":0,"depth":14}},{"id":99,"pid":97,"idQf":null,"textQf":null,"attr":{"id":null,"vid":null,"name":"android.widget.FrameLayout","text":null,"desc":null,"clickable":false,"focusable":false,"checkable":false,"checked":false,"editable":false,"longClickable":false,"visibleToUser":true,"left":360,"top":129,"right":516,"bottom":225,"width":156,"height":96,"childCount":2,"index":1,"depth":14}},{"id":100,"pid":99,"idQf":null,"textQf":null,"attr":{"id":null,"vid":null,"name":"android.widget.TextView","text":null,"desc":null,"clickable":false,"focusable":false,"checkable":false,"checked":false,"editable":false,"longClickable":false,"visibleToUser":true,"left":360,"top":129,"right":516,"bottom":225,"width":156,"height":96,"childCount":0,"index":0,"depth":15}},{"id":101,"pid":99,"idQf":null,"textQf":null,"attr":{"id":null,"vid":null,"name":"android.widget.FrameLayout","text":null,"desc":null,"clickable":false,"focusable":false,"checkable":false,"checked":false,"editable":false,"longClickable":false,"visibleToUser":true,"left":396,"top":147,"right":480,"bottom":207,"width":84,"height":60,"childCount":3,"index":1,"depth":15}},{"id":102,"pid":101,"idQf":null,"textQf":null,"attr":{"id":null,"vid":null,"name":"android.widget.TextView","text":null,"desc":null,"clickable":false,"focusable":false,"checkable":false,"checked":false,"editable":false,"longClickable":false,"visibleToUser":true,"left":396,"top":147,"right":480,"bottom":207,"width":84,"height":60,"childCount":0,"index":0,"depth":16}},{"id":103,"pid":101,"idQf":null,"textQf":null,"attr":{"id":null,"vid":null,"name":"android.widget.FrameLayout","text":null,"desc":null,"clickable":false,"focusable":false,"checkable":false,"checked":false,"editable":false,"longClickable":false,"visibleToUser":true,"left":438,"top":147,"right":480,"bottom":207,"width":42,"height":60,"childCount":1,"index":1,"depth":16}},{"id":104,"pid":103,"idQf":null,"textQf":true,"attr":{"id":null,"vid":null,"name":"android.widget.TextView","text":"秒","desc":null,"clickable":false,"focusable":false,"checkable":false,"checked":false,"editable":false,"longClickable":false,"visibleToUser":true,"left":438,"top":147,"right":480,"bottom":207,"width":42,"height":60,"childCount":0,"index":0,"depth":17}},{"id":105,"pid":101,"idQf":null,"textQf":null,"attr":{"id":null,"vid":null,"name":"android.widget.FrameLayout","text":null,"desc":null,"clickable":false,"focusable":false,"checkable":false,"checked":false,"editable":false,"longClickable":false,"visibleToUser":true,"left":408,"top":150,"right":441,"bottom":207,"width":33,"height":57,"childCount":1,"index":2,"depth":16}},{"id":106,"pid":105,"idQf":null,"textQf":true,"attr":{"id":null,"vid":null,"name":"android.widget.TextView","text":"4","desc":null,"clickable":false,"focusable":false,"checkable":false,"checked":false,"editable":false,"longClickable":false,"visibleToUser":true,"left":408,"top":150,"right":441,"bottom":207,"width":33,"height":57,"childCount":0,"index":0,"depth":17}},{"id":107,"pid":9,"idQf":null,"textQf":null,"attr":{"id":null,"vid":null,"name":"android.widget.LinearLayout","text":null,"desc":null,"clickable":false,"focusable":false,"checkable":false,"checked":false,"editable":false,"longClickable":false,"visibleToUser":true,"left":0,"top":104,"right":1220,"bottom":250,"width":1220,"height":146,"childCount":1,"index":1,"depth":9}},{"id":108,"pid":107,"idQf":null,"textQf":null,"attr":{"id":null,"vid":null,"name":"android.widget.FrameLayout","text":null,"desc":null,"clickable":false,"focusable":false,"checkable":false,"checked":false,"editable":false,"longClickable":false,"visibleToUser":true,"left":0,"top":104,"right":1220,"bottom":250,"width":1220,"height":146,"childCount":1,"index":0,"depth":10}},{"id":109,"pid":108,"idQf":true,"textQf":null,"attr":{"id":"com.tencent.mm:id/em9","vid":"em9","name":"android.widget.FrameLayout","text":null,"desc":null,"clickable":false,"focusable":false,"checkable":false,"checked":false,"editable":false,"longClickable":false,"visibleToUser":true,"left":903,"top":104,"right":1220,"bottom":250,"width":317,"height":146,"childCount":1,"index":0,"depth":11}},{"id":110,"pid":109,"idQf":null,"textQf":null,"attr":{"id":null,"vid":null,"name":"android.widget.FrameLayout","text":null,"desc":null,"clickable":false,"focusable":false,"checkable":false,"checked":false,"editable":false,"longClickable":false,"visibleToUser":true,"left":903,"top":129,"right":1220,"bottom":225,"width":317,"height":96,"childCount":1,"index":0,"depth":12}},{"id":111,"pid":110,"idQf":true,"textQf":null,"attr":{"id":"com.tencent.mm:id/gk","vid":"gk","name":"android.view.ViewGroup","text":null,"desc":null,"clickable":false,"focusable":false,"checkable":false,"checked":false,"editable":false,"longClickable":false,"visibleToUser":true,"left":903,"top":129,"right":1193,"bottom":225,"width":290,"height":96,"childCount":3,"index":0,"depth":13}},{"id":112,"pid":111,"idQf":null,"textQf":null,"attr":{"id":"","vid":null,"name":"android.widget.ImageButton","text":"","desc":"","clickable":true,"focusable":true,"checkable":false,"checked":false,"editable":false,"longClickable":false,"visibleToUser":true,"left":903,"top":129,"right":1047,"bottom":225,"width":144,"height":96,"childCount":1,"index":0,"depth":14}},{"id":113,"pid":112,"idQf":null,"textQf":null,"attr":{"id":"","vid":null,"name":"android.widget.ImageButton","text":"","desc":"","clickable":false,"focusable":true,"checkable":false,"checked":false,"editable":false,"longClickable":false,"visibleToUser":true,"left":903,"top":129,"right":1047,"bottom":225,"width":144,"height":96,"childCount":0,"index":0,"depth":15}},{"id":114,"pid":111,"idQf":true,"textQf":null,"attr":{"id":"com.tencent.mm:id/gm","vid":"gm","name":"android.view.View","text":null,"desc":null,"clickable":false,"focusable":false,"checkable":false,"checked":false,"editable":false,"longClickable":false,"visibleToUser":true,"left":1047,"top":149,"right":1049,"bottom":206,"width":2,"height":57,"childCount":0,"index":1,"depth":14}},{"id":115,"pid":111,"idQf":null,"textQf":null,"attr":{"id":"","vid":null,"name":"android.widget.ImageButton","text":"","desc":"","clickable":true,"focusable":true,"checkable":false,"checked":false,"editable":false,"longClickable":false,"visibleToUser":true,"left":1049,"top":129,"right":1193,"bottom":225,"width":144,"height":96,"childCount":1,"index":2,"depth":14}},{"id":116,"pid":115,"idQf":null,"textQf":null,"attr":{"id":"","vid":null,"name":"android.widget.ImageButton","text":"","desc":"","clickable":false,"focusable":true,"checkable":false,"checked":false,"editable":false,"longClickable":false,"visibleToUser":true,"left":1049,"top":129,"right":1193,"bottom":225,"width":144,"height":96,"childCount":0,"index":0,"depth":15}},{"id":117,"pid":7,"idQf":null,"textQf":null,"attr":{"id":null,"vid":null,"name":"android.view.ViewGroup","text":null,"desc":null,"clickable":false,"focusable":false,"checkable":false,"checked":false,"editable":false,"longClickable":false,"visibleToUser":true,"left":0,"top":0,"right":1220,"bottom":2664,"width":1220,"height":2664,"childCount":3,"index":1,"depth":7}},{"id":118,"pid":117,"idQf":null,"textQf":null,"attr":{"id":null,"vid":null,"name":"android.widget.FrameLayout","text":null,"desc":null,"clickable":false,"focusable":false,"checkable":false,"checked":false,"editable":false,"longClickable":false,"visibleToUser":false,"left":0,"top":0,"right":0,"bottom":0,"width":0,"height":0,"childCount":1,"index":0,"depth":8}},{"id":119,"pid":118,"idQf":null,"textQf":null,"attr":{"id":null,"vid":null,"name":"android.widget.TextView","text":null,"desc":null,"clickable":false,"focusable":false,"checkable":false,"checked":false,"editable":false,"longClickable":false,"visibleToUser":false,"left":0,"top":0,"right":0,"bottom":0,"width":0,"height":0,"childCount":0,"index":0,"depth":9}},{"id":120,"pid":117,"idQf":null,"textQf":null,"attr":{"id":null,"vid":null,"name":"android.widget.FrameLayout","text":null,"desc":null,"clickable":false,"focusable":false,"checkable":false,"checked":false,"editable":false,"longClickable":false,"visibleToUser":false,"left":0,"top":0,"right":0,"bottom":0,"width":0,"height":0,"childCount":1,"index":1,"depth":8}},{"id":121,"pid":120,"idQf":null,"textQf":null,"attr":{"id":null,"vid":null,"name":"android.widget.TextView","text":null,"desc":null,"clickable":false,"focusable":false,"checkable":false,"checked":false,"editable":false,"longClickable":false,"visibleToUser":false,"left":0,"top":0,"right":0,"bottom":0,"width":0,"height":0,"childCount":0,"index":0,"depth":9}},{"id":122,"pid":117,"idQf":null,"textQf":null,"attr":{"id":null,"vid":null,"name":"android.widget.FrameLayout","text":null,"desc":null,"clickable":false,"focusable":false,"checkable":false,"checked":false,"editable":false,"longClickable":false,"visibleToUser":true,"left":0,"top":0,"right":1220,"bottom":250,"width":1220,"height":250,"childCount":1,"index":2,"depth":8}},{"id":123,"pid":122,"idQf":null,"textQf":null,"attr":{"id":null,"vid":null,"name":"android.widget.FrameLayout","text":null,"desc":null,"clickable":false,"focusable":false,"checkable":false,"checked":false,"editable":false,"longClickable":false,"visibleToUser":true,"left":876,"top":104,"right":1220,"bottom":250,"width":344,"height":146,"childCount":1,"index":0,"depth":9}},{"id":124,"pid":123,"idQf":true,"textQf":null,"attr":{"id":"com.tencent.mm:id/gk","vid":"gk","name":"android.view.ViewGroup","text":null,"desc":null,"clickable":false,"focusable":false,"checkable":false,"checked":false,"editable":false,"longClickable":false,"visibleToUser":true,"left":903,"top":129,"right":1193,"bottom":225,"width":290,"height":96,"childCount":3,"index":0,"depth":10}},{"id":125,"pid":124,"idQf":true,"textQf":null,"attr":{"id":"com.tencent.mm:id/go","vid":"go","name":"android.widget.ImageButton","text":"","desc":"更多","clickable":true,"focusable":true,"checkable":false,"checked":false,"editable":false,"longClickable":false,"visibleToUser":true,"left":903,"top":129,"right":1047,"bottom":225,"width":144,"height":96,"childCount":1,"index":0,"depth":11}},{"id":126,"pid":125,"idQf":false,"textQf":null,"attr":{"id":"com.tencent.mm:id/go","vid":"go","name":"android.widget.ImageButton","text":"","desc":"更多","clickable":false,"focusable":true,"checkable":false,"checked":false,"editable":false,"longClickable":false,"visibleToUser":true,"left":903,"top":129,"right":1047,"bottom":225,"width":144,"height":96,"childCount":0,"index":0,"depth":12}},{"id":127,"pid":124,"idQf":true,"textQf":null,"attr":{"id":"com.tencent.mm:id/gm","vid":"gm","name":"android.view.View","text":null,"desc":null,"clickable":false,"focusable":false,"checkable":false,"checked":false,"editable":false,"longClickable":false,"visibleToUser":true,"left":1047,"top":149,"right":1049,"bottom":206,"width":2,"height":57,"childCount":0,"index":1,"depth":11}},{"id":128,"pid":124,"idQf":false,"textQf":null,"attr":{"id":"com.tencent.mm:id/go","vid":"go","name":"android.widget.ImageButton","text":"","desc":"更多","clickable":true,"focusable":true,"checkable":false,"checked":false,"editable":false,"longClickable":true,"visibleToUser":true,"left":1049,"top":129,"right":1193,"bottom":225,"width":144,"height":96,"childCount":1,"index":2,"depth":11}},{"id":129,"pid":128,"idQf":null,"textQf":null,"attr":{"id":"","vid":null,"name":"android.widget.ImageButton","text":"","desc":"关闭","clickable":false,"focusable":true,"checkable":false,"checked":false,"editable":false,"longClickable":false,"visibleToUser":true,"left":1049,"top":129,"right":1193,"bottom":225,"width":144,"height":96,"childCount":0,"index":0,"depth":12}},{"id":130,"pid":7,"idQf":null,"textQf":null,"attr":{"id":null,"vid":null,"name":"android.widget.FrameLayout","text":null,"desc":null,"clickable":false,"focusable":false,"checkable":false,"checked":false,"editable":false,"longClickable":false,"visibleToUser":true,"left":0,"top":0,"right":1220,"bottom":2664,"width":1220,"height":2664,"childCount":1,"index":2,"depth":7}},{"id":131,"pid":130,"idQf":null,"textQf":null,"attr":{"id":null,"vid":null,"name":"android.widget.FrameLayout","text":null,"desc":null,"clickable":false,"focusable":false,"checkable":false,"checked":false,"editable":false,"longClickable":false,"visibleToUser":true,"left":0,"top":0,"right":1220,"bottom":2664,"width":1220,"height":2664,"childCount":1,"index":0,"depth":8}},{"id":132,"pid":131,"idQf":null,"textQf":null,"attr":{"id":null,"vid":null,"name":"android.widget.RelativeLayout","text":null,"desc":null,"clickable":false,"focusable":false,"checkable":false,"checked":false,"editable":false,"longClickable":false,"visibleToUser":true,"left":0,"top":0,"right":1220,"bottom":2664,"width":1220,"height":2664,"childCount":3,"index":0,"depth":9}},{"id":133,"pid":132,"idQf":null,"textQf":null,"attr":{"id":null,"vid":null,"name":"android.widget.FrameLayout","text":null,"desc":null,"clickable":false,"focusable":false,"checkable":false,"checked":false,"editable":false,"longClickable":false,"visibleToUser":true,"left":0,"top":0,"right":1220,"bottom":2664,"width":1220,"height":2664,"childCount":0,"index":0,"depth":10}},{"id":134,"pid":132,"idQf":null,"textQf":null,"attr":{"id":null,"vid":null,"name":"android.widget.FrameLayout","text":null,"desc":null,"clickable":false,"focusable":false,"checkable":false,"checked":false,"editable":false,"longClickable":false,"visibleToUser":true,"left":0,"top":0,"right":1220,"bottom":2664,"width":1220,"height":2664,"childCount":1,"index":1,"depth":10}},{"id":135,"pid":134,"idQf":null,"textQf":null,"attr":{"id":null,"vid":null,"name":"android.widget.FrameLayout","text":null,"desc":null,"clickable":false,"focusable":false,"checkable":false,"checked":false,"editable":false,"longClickable":false,"visibleToUser":true,"left":0,"top":0,"right":1220,"bottom":2664,"width":1220,"height":2664,"childCount":3,"index":0,"depth":11}},{"id":136,"pid":135,"idQf":true,"textQf":null,"attr":{"id":"com.tencent.mm:id/yq","vid":"yq","name":"android.view.ViewGroup","text":null,"desc":null,"clickable":false,"focusable":false,"checkable":false,"checked":false,"editable":false,"longClickable":false,"visibleToUser":true,"left":0,"top":0,"right":1220,"bottom":2664,"width":1220,"height":2664,"childCount":0,"index":0,"depth":12}},{"id":137,"pid":135,"idQf":null,"textQf":null,"attr":{"id":null,"vid":null,"name":"android.widget.FrameLayout","text":null,"desc":null,"clickable":false,"focusable":false,"checkable":false,"checked":false,"editable":false,"longClickable":false,"visibleToUser":true,"left":0,"top":0,"right":1220,"bottom":2664,"width":1220,"height":2664,"childCount":0,"index":1,"depth":12}},{"id":138,"pid":135,"idQf":null,"textQf":null,"attr":{"id":null,"vid":null,"name":"android.widget.FrameLayout","text":null,"desc":null,"clickable":false,"focusable":false,"checkable":false,"checked":false,"editable":false,"longClickable":false,"visibleToUser":true,"left":0,"top":0,"right":1220,"bottom":2664,"width":1220,"height":2664,"childCount":1,"index":2,"depth":12}},{"id":139,"pid":138,"idQf":null,"textQf":null,"attr":{"id":null,"vid":null,"name":"android.widget.FrameLayout","text":null,"desc":null,"clickable":false,"focusable":false,"checkable":false,"checked":false,"editable":false,"longClickable":false,"visibleToUser":true,"left":0,"top":0,"right":1220,"bottom":2664,"width":1220,"height":2664,"childCount":1,"index":0,"depth":13}},{"id":140,"pid":139,"idQf":null,"textQf":null,"attr":{"id":null,"vid":null,"name":"android.widget.FrameLayout","text":null,"desc":null,"clickable":false,"focusable":false,"checkable":false,"checked":false,"editable":false,"longClickable":false,"visibleToUser":true,"left":0,"top":0,"right":1220,"bottom":2664,"width":1220,"height":2664,"childCount":1,"index":0,"depth":14}},{"id":141,"pid":140,"idQf":null,"textQf":null,"attr":{"id":null,"vid":null,"name":"android.widget.FrameLayout","text":null,"desc":null,"clickable":false,"focusable":false,"checkable":false,"checked":false,"editable":false,"longClickable":true,"visibleToUser":true,"left":0,"top":0,"right":1220,"bottom":2664,"width":1220,"height":2664,"childCount":1,"index":0,"depth":15}},{"id":142,"pid":141,"idQf":null,"textQf":null,"attr":{"id":null,"vid":null,"name":"android.widget.FrameLayout","text":null,"desc":null,"clickable":true,"focusable":true,"checkable":false,"checked":false,"editable":false,"longClickable":false,"visibleToUser":true,"left":0,"top":0,"right":1220,"bottom":2664,"width":1220,"height":2664,"childCount":2,"index":0,"depth":16}},{"id":143,"pid":142,"idQf":null,"textQf":null,"attr":{"id":null,"vid":null,"name":"android.widget.FrameLayout","text":null,"desc":null,"clickable":false,"focusable":false,"checkable":false,"checked":false,"editable":false,"longClickable":false,"visibleToUser":true,"left":0,"top":0,"right":1220,"bottom":2664,"width":1220,"height":2664,"childCount":1,"index":0,"depth":17}},{"id":144,"pid":143,"idQf":null,"textQf":null,"attr":{"id":null,"vid":null,"name":"android.view.View","text":null,"desc":null,"clickable":false,"focusable":false,"checkable":false,"checked":false,"editable":false,"longClickable":false,"visibleToUser":true,"left":0,"top":0,"right":1220,"bottom":2664,"width":1220,"height":2664,"childCount":0,"index":0,"depth":18}},{"id":145,"pid":142,"idQf":null,"textQf":null,"attr":{"id":null,"vid":null,"name":"android.widget.FrameLayout","text":null,"desc":null,"clickable":false,"focusable":true,"checkable":false,"checked":false,"editable":false,"longClickable":false,"visibleToUser":true,"left":0,"top":0,"right":1220,"bottom":2664,"width":1220,"height":2664,"childCount":1,"index":1,"depth":17}},{"id":146,"pid":145,"idQf":null,"textQf":null,"attr":{"id":null,"vid":null,"name":"android.view.ViewGroup","text":null,"desc":null,"clickable":false,"focusable":false,"checkable":false,"checked":false,"editable":false,"longClickable":false,"visibleToUser":true,"left":0,"top":0,"right":1220,"bottom":2664,"width":1220,"height":2664,"childCount":0,"index":0,"depth":18}},{"id":147,"pid":132,"idQf":true,"textQf":null,"attr":{"id":"com.tencent.mm:id/w9","vid":"w9","name":"android.widget.FrameLayout","text":null,"desc":null,"clickable":false,"focusable":false,"checkable":false,"checked":false,"editable":false,"longClickable":false,"visibleToUser":true,"left":0,"top":0,"right":1220,"bottom":250,"width":1220,"height":250,"childCount":1,"index":2,"depth":10}},{"id":148,"pid":147,"idQf":true,"textQf":null,"attr":{"id":"com.tencent.mm:id/w8","vid":"w8","name":"android.widget.FrameLayout","text":null,"desc":null,"clickable":false,"focusable":false,"checkable":false,"checked":false,"editable":false,"longClickable":false,"visibleToUser":true,"left":0,"top":104,"right":1220,"bottom":250,"width":1220,"height":146,"childCount":1,"index":0,"depth":11}},{"id":149,"pid":148,"idQf":true,"textQf":null,"attr":{"id":"com.tencent.mm:id/em9","vid":"em9","name":"android.widget.FrameLayout","text":null,"desc":null,"clickable":false,"focusable":false,"checkable":false,"checked":false,"editable":false,"longClickable":false,"visibleToUser":true,"left":876,"top":104,"right":1220,"bottom":250,"width":344,"height":146,"childCount":1,"index":0,"depth":12}},{"id":150,"pid":149,"idQf":true,"textQf":null,"attr":{"id":"com.tencent.mm:id/gl","vid":"gl","name":"android.view.View","text":null,"desc":null,"clickable":false,"focusable":false,"checkable":false,"checked":false,"editable":false,"longClickable":false,"visibleToUser":true,"left":903,"top":129,"right":1193,"bottom":225,"width":290,"height":96,"childCount":0,"index":0,"depth":13}},{"id":151,"pid":0,"idQf":true,"textQf":null,"attr":{"id":"android:id/navigationBarBackground","vid":null,"name":"android.view.View","text":null,"desc":null,"clickable":false,"focusable":false,"checkable":false,"checked":false,"editable":false,"longClickable":false,"visibleToUser":true,"left":0,"top":2664,"right":1220,"bottom":2712,"width":1220,"height":48,"childCount":0,"index":1,"depth":1}}]}